tahun;bulan;provinsi_DKI Jakarta;provinsi_Jawa Barat;provinsi_Jawa Tengah;provinsi_Jawa Timur;provinsi_Kalimantan Selatan;provinsi_Nusa Tenggara Timur;provinsi_Sulawesi Tengah;jumlah_kasus
2025;1;0;0;1;0;0;0;0;10.0
2025;2;0;0;0;0;0;1;0;29.0
2025;4;0;1;0;0;0;0;0;176.0
2025;5;0;1;0;0;0;0;0;210.0
2025;8;0;0;0;0;0;0;1;20.0
2025;9;0;0;0;0;0;0;1;335.0
2025;10;0;0;0;0;0;1;0;384.0
2025;10;0;0;1;0;0;0;0;13.0
2025;10;0;0;1;0;0;0;0;22.0
2025;10;0;0;0;0;1;0;0;63.0
2025;10;0;0;0;1;0;0;0;112.0
2026;5;1;0;0;0;0;0;0;188.0
2026;7;0;0;1;0;0;0;0;707.0
2026;9;0;0;0;1;0;0;0;748.0
2026;9;0;0;0;1;0;0;0;28.0
